num_sentences	num_unique_words
17	100
21	126
15	90
28	163
31	128
16	74
31	146
40	134
36	143
27	137
23	142
25	99
6	76
25	86
14	64
36	172
19	77
16	106
7	34
12	62
21	118
2	19
31	138
40	162
17	80
23	102
8	36
29	121
24	103
16	72
35	156
37	140
13	57
27	110
34	108
25	149
32	164
18	106
23	139
16	65
3	16
14	75
9	50
29	57
21	87
12	61
19	105
34	139
28	85
4	38
14	135
16	87
28	108
31	140
12	64
23	171
24	97
15	58
23	124
7	29
24	84
15	73
18	66
6	57
25	118
26	124
21	86
34	128
19	77
29	132
22	118
26	165
21	111
30	83
22	124
20	76
48	147
33	100
19	83
22	132
17	90
24	87
10	65
11	42
32	126
29	141
40	138
20	108
30	53
10	64
16	67
52	167
23	199
26	90
37	132
16	88
22	110
35	140
21	107
18	66
41	145
27	80
19	103
22	101
35	135
31	136
53	158
22	106
25	78
13	77
37	176
30	145
29	98
25	120
30	127
5	26
26	86
29	135
38	166
21	98
18	109
30	129
30	126
10	64
1	51
11	88
24	123
31	137
27	109
40	164
25	133
26	146
45	142
25	114
12	87
42	161
9	80
25	131
13	50
31	112
34	170
25	119
19	95
32	115
25	139
3	53
40	210
18	88
21	91
25	90
8	82
12	40
29	101
34	130
29	130
30	95
30	142
27	120
38	140
22	72
31	95
30	177
23	89
10	83
31	139
33	186
21	91
17	123
11	63
22	88
6	65
6	69
13	83
25	136
22	104
21	127
24	97
21	94
24	83
31	107
31	138
18	68
27	112
17	82
29	108
23	72
4	38
24	121
21	43
24	119
17	68
40	128
30	116
35	173
10	45
29	97
26	135
24	132
40	200
28	90
27	142
29	114
27	123
34	98
48	198
26	128
26	84
11	38
9	61
27	127
13	47
21	68
21	74
15	116
29	167
21	119
40	140
27	122
24	121
38	149
19	68
28	136
15	120
21	96
44	167
20	63
28	109
11	73
25	86
32	118
24	88
37	187
10	101
33	110
20	89
11	68
18	106
14	101
22	89
20	89
13	84
31	109
35	143
15	98
7	51
45	200
29	120
41	110
24	82
25	99
28	165
27	105
15	58
32	171
24	107
16	89
21	104
27	135
28	145
31	96
31	109
13	70
31	156
19	96
37	151
26	108
24	156
18	87
22	124
27	102
21	88
40	157
12	94
28	117
28	117
18	78
24	132
23	94
35	130
35	125
17	50
21	92
12	71
16	85
30	193
5	28
33	157
27	88
22	130
30	188
33	152
37	179
18	60
27	118
26	103
24	109
30	143
27	74
22	71
39	154
30	111
46	167
29	127
27	125
27	112
32	129
27	118
3	33
18	122
18	110
28	99
21	55
22	128
23	138
30	159
34	141
21	105
30	114
13	120
30	183
17	91
28	110
21	107
19	112
42	204
27	78
31	106
19	77
37	153
36	154
21	106
31	107
46	173
17	97
37	183
25	113
10	50
25	151
30	122
16	87
28	136
28	108
18	145
33	196
13	77
16	91
16	89
28	89
34	115
12	50
10	29
20	67
14	51
23	110
18	89
8	61
2	3
12	61
45	150
29	135
11	103
33	163
29	152
25	105
18	110
22	95
19	77
34	194
25	93
34	116
20	89
10	134
5	38
18	129
31	158
32	131
29	121
19	89
37	135
22	76
31	135
16	72
38	181
25	104
20	114
19	92
21	108
23	114
34	152
29	100
25	95
14	40
11	60
13	77
37	198
21	157
21	131
23	119
9	58
22	91
32	112
20	127
38	175
14	113
30	87
17	87
17	78
17	105
29	165
34	133
24	117
24	85
26	88
15	51
11	84
35	158
21	53
18	85
12	60
13	98
30	122
31	129
24	113
23	135
38	157
12	83
32	111
44	142
30	149
27	84
36	157
13	106
33	202
25	118
26	97
26	73
17	116
18	62
26	103
25	101
9	76
20	117
13	45
26	129
37	161
22	152
1	10
18	67
26	92
11	42
35	97
28	120
3	35
15	93
32	160
16	90
14	102
35	137
32	90
19	125
30	147
16	61
25	108
20	108
22	100
10	69
24	145
20	100
27	72
31	158
16	80
11	33
26	156
21	100
11	56
23	109
35	154
21	85
28	145
32	115
15	107
14	75
36	132
30	134
18	88
25	102
31	172
40	154
12	91
14	89
14	94
34	129
23	95
21	91
34	172
28	194
37	122
37	127
27	95
6	35
11	75
40	156
29	112
11	69
50	169
18	129
19	142
22	76
15	75
8	84
28	106
17	76
16	86
35	140
28	120
21	84
34	162
12	69
16	55
33	120
25	155
40	98
21	107
16	81
18	76
11	68
7	71
24	125
34	115
24	117
28	123
46	220
19	73
23	77
22	101
17	74
10	90
21	82
35	114
42	183
33	92
19	111
2	8
7	59
24	79
25	135
19	110
40	184
20	90
14	39
23	103
20	104
34	177
35	138
38	161
24	165
26	148
19	117
21	92
32	152
15	70
26	110
28	141
20	83
12	68
27	127
18	84
26	125
24	120
30	187
39	174
29	73
24	142
21	122
7	47
16	70
23	89
32	111
30	100
36	137
21	127
16	133
45	186
21	96
33	114
33	174
7	38
14	43
24	109
28	88
23	124
17	64
16	98
7	55
33	128
21	103
24	147
3	49
16	80
11	71
44	219
21	99
5	59
23	133
27	123
18	118
9	77
17	92
15	93
33	135
27	93
20	75
27	124
10	92
23	108
34	149
36	203
18	45
4	52
21	82
8	57
23	89
24	136
12	69
13	54
19	94
37	139
26	118
15	57
22	130
23	102
3	57
43	148
19	103
28	97
19	107
8	69
15	93
19	63
31	117
36	150
22	117
28	88
16	88
19	105
23	52
18	72
31	143
25	97
19	73
20	74
35	151
14	75
17	97
27	89
21	96
25	142
31	156
16	96
10	65
22	101
27	120
15	67
20	121
19	97
36	126
28	94
20	105
16	81
26	125
9	34
20	61
16	118
12	73
13	83
25	118
24	96
20	126
22	94
36	153
43	144
25	96
22	124
27	113
24	99
15	100
23	111
28	104
6	62
4	39
12	85
25	96
24	97
17	93
26	90
7	70
45	232
17	76
34	107
8	34
21	118
13	66
29	103
36	103
15	94
22	114
36	130
29	123
22	148
23	90
23	97
26	128
14	43
26	81
30	80
30	153
18	72
27	140
22	133
40	195
32	147
20	75
9	59
24	107
9	60
21	80
17	68
30	173
26	140
18	92
9	36
35	132
24	145
26	131
28	125
11	88
29	110
20	101
17	112
42	145
28	163
21	101
15	130
24	106
16	70
28	113
39	138
17	104
19	82
12	59
10	69
24	139
30	160
13	90
26	154
23	89
26	118
20	100
16	87
37	135
25	80
31	150
21	76
10	76
26	68
18	87
32	179
26	102
23	121
33	148
28	148
20	120
25	68
7	61
46	160
25	133
19	95
20	114
30	129
36	166
15	77
31	175
23	87
25	103
22	110
16	94
7	74
28	117
19	84
26	111
33	151
30	111
27	105
27	106
37	152
35	167
15	63
20	123
47	152
23	100
19	82
16	53
28	95
22	57
34	145
19	73
37	128
25	89
20	106
14	83
13	93
26	106
33	151
19	110
45	176
18	67
17	76
8	52
22	101
11	117
21	99
34	140
18	53
25	133
9	35
46	157
24	111
29	117
28	102
2	9
34	130
37	158
28	126
27	89
13	131
8	36
33	158
22	88
11	47
27	114
16	89
30	74
27	131
18	77
39	194
17	57
9	78
33	138
27	152
37	126
29	151
37	103
16	89
21	137
6	54
26	132
34	186
25	71
20	109
18	117
30	215
24	128
19	78
18	67
18	81
27	124
5	41
20	113
46	137
20	104
16	94
40	172
35	195
30	81
25	163
25	125
22	107
26	111
20	71
25	103
25	138
16	97
17	69
26	151
36	96
30	144
23	92
24	99
39	165
35	157
16	28
22	92
30	174
13	74
38	175
14	87
29	89
23	121
9	100
30	115
21	73
16	111
10	55
31	148
19	108
27	159
33	147
23	119
15	63
35	136
33	197
21	94
29	148
38	167
10	34
41	188
23	116
32	109
21	91
23	109
17	70
18	77
19	73
16	74
19	80
30	110
40	115
20	84
20	88
33	189
18	65
24	104
26	156
10	81
22	172
29	180
8	56
16	84
34	138
31	119
22	114
11	77
26	54
32	109
36	140
25	125
24	106
28	140
28	100
25	117
27	142
21	156
24	103
33	91
24	111
19	71
24	136
13	73
29	112
29	128
13	71
34	155
19	104
16	86
34	131
22	119
25	76
33	248
25	108
27	79
19	60
4	16
16	93
18	98
24	61
13	61
43	141
36	148
14	84
15	88
37	124
30	94
28	104
42	142
24	108
22	81
22	133
33	86
9	52
4	35
26	80
19	106
6	45
16	78
28	130
31	131
37	193
42	229
25	91
28	97
22	88
7	65
24	68
32	135
28	124
16	111
28	110
7	67
28	127
36	113
20	68
28	103
37	133
21	71
26	74
33	182
25	128
13	82
23	126
36	185
18	78
30	117
18	111
38	118
30	98
39	142
24	151
12	59
28	113
24	152
40	171
17	125
16	94
26	123
9	66
35	156
26	80
13	43
5	62
19	102
30	153
23	80
29	122
32	106
34	167
44	151
26	157
32	194
14	62
24	105
29	99
23	97
22	123
19	83
38	120
22	84
9	65
18	72
26	81
28	83
32	162
30	153
14	45
29	162
35	94
33	140
20	111
12	68
15	83
23	85
21	93
26	117
20	107
28	161
14	111
42	184
12	88
23	77
20	71
24	67
22	78
15	113
17	97
26	116
30	185
31	115
27	115
13	61
38	158
35	129
18	82
25	108
19	96
5	30
24	119
33	108
21	95
14	100
10	68
17	104
6	75
37	205
27	116
25	164
5	20
39	120
27	90
18	81
27	151
15	69
27	149
30	110
29	113
16	85
15	96
35	94
21	107
40	121
3	12
27	166
12	84
21	102
23	129
20	110
18	94
27	97
23	98
8	66
22	88
32	162
12	67
37	195
20	91
28	118
26	92
13	159
23	106
13	75
27	111
29	110
34	138
27	113
27	120
28	130
18	113
30	138
24	79
35	145
22	81
31	123
12	71
26	92
33	172
13	92
34	145
28	145
26	104
18	87
22	93
38	153
25	126
17	95
31	112
32	128
15	105
25	135
28	231
69	238
21	63
27	110
23	115
38	140
29	84
12	56
15	127
22	76
32	122
26	105
9	96
11	54
27	111
26	117
25	122
27	107
27	142
16	100
35	127
28	103
17	82
39	157
28	146
36	123
26	92
25	102
9	88
28	109
24	159
27	150
27	79
35	116
27	133
19	104
36	149
26	146
12	53
26	111
28	107
27	118
24	104
24	100
47	128
20	121
19	123
6	27
33	133
19	122
37	153
27	162
15	58
27	114
26	132
27	92
27	122
15	68
12	61
33	103
32	131
9	48
25	105
40	126
29	116
21	107
37	146
26	99
31	150
30	137
27	103
24	91
16	89
26	102
26	98
27	92
12	85
24	69
53	185
51	261
34	100
46	153
2	29
25	109
38	157
32	124
36	128
33	177
28	136
21	84
24	111
26	91
20	90
24	124
30	128
18	81
27	100
21	85
28	143
16	82
29	119
29	129
25	158
15	41
25	88
21	80
21	57
14	66
23	109
12	72
19	75
33	163
26	115
28	128
29	80
14	65
24	131
27	153
17	81
33	119
25	98
24	80
17	86
35	149
7	29
14	162
23	89
17	87
33	168
34	87
16	98
29	91
18	121
37	209
37	128
24	111
24	119
23	94
22	114
13	91
22	140
31	126
20	77
36	199
35	163
23	126
22	107
24	82
23	93
40	162
37	171
22	117
13	101
22	109
50	162
37	81
31	160
30	116
22	84
29	127
39	190
26	110
29	93
13	61
11	61
47	149
15	44
29	133
10	75
25	117
34	124
15	82
25	101
26	112
27	102
11	78
13	80
18	64
28	164
27	150
38	105
20	88
25	128
16	59
19	97
26	92
35	103
32	128
33	142
25	125
33	164
29	132
36	128
22	129
20	93
19	97
5	39
11	79
29	136
23	86
34	164
21	89
20	92
25	81
31	126
12	81
21	86
37	109
20	132
32	160
16	76
24	130
25	116
28	131
26	147
25	91
18	85
33	98
38	99
19	107
26	84
27	88
30	185
24	84
26	123
16	92
12	62
38	97
23	115
25	90
32	141
22	76
31	106
35	158
20	80
19	129
30	92
30	98
20	107
14	92
35	154
28	105
33	119
18	78
38	179
12	91
38	147
39	103
19	134
19	99
13	66
49	161
24	114
30	107
18	94
9	124
30	161
12	61
14	54
17	64
9	52
19	103
16	75
32	118
27	125
24	123
13	71
20	100
27	112
33	135
17	79
9	48
32	239
23	115
23	90
23	116
24	181
20	111
27	96
22	137
31	104
36	164
33	128
36	193
26	86
40	160
14	74
22	123
22	87
25	129
14	75
12	51
17	65
28	140
27	89
21	72
24	153
31	90
33	144
24	128
27	102
12	75
9	54
5	28
18	100
24	95
6	64
25	128
14	57
21	99
13	77
10	71
9	48
23	128
13	88
28	88
21	97
15	111
32	110
10	43
35	195
9	53
25	117
24	157
9	82
9	49
19	112
15	152
23	152
21	115
30	73
44	143
26	97
20	103
25	131
17	94
15	63
18	67
11	120
21	100
13	93
24	99
6	37
17	76
38	131
17	91
29	98
37	133
10	52
30	110
20	76
35	158
5	68
13	50
17	81
29	132
22	94
6	36
18	111
24	92
26	89
19	86
6	55
30	106
7	66
5	36
14	77
34	89
17	103
20	107
26	76
27	157
21	66
24	95
13	86
32	135
20	66
14	79
10	56
25	101
41	174
12	71
21	122
21	124
2	19
23	85
23	112
28	121
13	56
34	118
29	109
7	36
12	52
25	93
31	109
18	97
24	153
12	93
7	33
22	151
11	90
25	110
31	79
38	128
28	111
32	74
16	74
7	100
13	48
16	73
28	177
35	134
14	97
21	72
40	154
13	65
27	116
31	139
28	164
35	174
27	90
5	14
27	122
21	112
24	100
32	112
35	179
36	126
24	109
20	93
14	113
29	120
22	101
19	84
11	59
18	97
34	111
16	87
19	154
42	217
23	113
25	91
17	76
28	103
16	97
29	169
21	85
14	69
18	132
14	69
20	138
36	201
25	134
28	115
18	80
34	127
19	110
36	120
32	131
27	153
22	114
34	107
15	82
17	105
18	131
15	153
20	101
18	98
24	127
21	99
21	63
18	97
40	167
22	94
36	141
28	79
18	73
31	151
22	98
19	94
38	133
17	91
19	89
31	131
20	79
18	64
13	106
24	111
21	129
30	101
31	130
16	116
24	85
33	112
38	179
33	120
20	118
34	135
41	200
30	100
38	168
14	67
8	26
33	129
32	135
17	86
52	154
15	84
37	84
5	99
14	56
27	112
19	95
21	106
23	107
6	35
41	168
24	125
23	71
20	132
22	145
28	104
22	121
34	113
32	113
17	106
28	112
23	118
22	101
31	140
18	96
16	68
27	164
24	95
31	138
15	60
17	72
6	67
39	103
24	112
13	62
26	122
28	83
14	51
32	147
8	74
31	118
20	106
23	106
23	141
18	144
37	95
30	119
28	147
27	103
22	132
24	117
24	133
20	120
27	124
29	81
21	99
17	78
23	138
18	74
44	197
29	70
12	81
30	172
31	88
26	90
12	85
34	109
32	175
24	135
24	114
24	78
20	105
7	45
23	87
21	112
27	164
10	65
43	217
29	81
29	132
11	86
39	179
24	112
46	154
22	96
18	93
34	159
25	110
6	36
31	127
26	104
13	74
21	86
23	118
27	117
34	155
19	112
24	115
19	109
20	114
31	148
4	41
32	132
28	147
25	122
24	103
22	142
19	69
18	56
1	7
18	74
7	46
10	65
9	63
8	55
11	59
11	69
6	55
6	55
9	51
13	55
16	96
19	108
9	79
14	69
6	51
8	62
9	45
8	48
4	40
5	35
10	42
12	76
13	48
14	87
7	41
12	59
11	75
12	75
9	49
6	46
6	64
9	69
5	33
7	32
9	76
9	52
8	41
11	57
8	63
6	42
3	37
5	19
12	70
6	33
8	50
13	46
6	52
11	66
10	81
13	79
9	55
17	52
8	56
8	63
5	49
7	59
7	65
10	44
13	77
5	37
9	65
9	68
8	81
9	58
9	56
6	41
10	55
3	18
12	74
12	66
12	73
5	27
7	40
9	41
12	65
7	49
8	41
4	23
5	37
9	65
11	67
9	46
7	56
6	54
11	59
7	50
9	69
14	58
11	75
13	60
8	56
10	54
11	67
5	34
12	45
7	30
10	48
7	33
12	64
7	61
12	72
7	49
9	45
8	57
13	62
2	16
9	66
13	71
11	80
10	69
10	64
4	31
8	54
17	83
11	61
3	15
11	63
8	55
3	26
8	55
7	54
5	36
14	101
2	11
5	26
9	49
12	56
8	45
11	57
10	62
8	51
6	40
9	54
11	81
6	57
7	37
12	53
11	74
8	77
9	37
9	47
6	58
10	58
7	59
14	72
4	19
12	41
9	52
8	58
5	44
7	51
9	64
7	58
11	70
13	60
10	47
12	70
9	61
5	43
3	30
16	97
12	74
10	46
3	25
11	67
10	64
12	92
10	61
7	44
6	40
12	84
8	56
9	67
11	56
8	63
13	84
2	17
12	70
10	52
3	22
8	38
8	54
2	17
1	3
6	34
11	59
8	35
9	64
7	80
5	59
8	50
6	28
11	76
7	58
6	34
11	71
11	64
9	69
11	64
10	70
14	80
8	52
7	53
6	49
9	57
5	42
7	53
6	29
9	88
8	58
9	51
8	37
14	64
9	71
10	45
9	62
9	61
8	48
13	66
13	78
6	32
6	53
7	40
5	20
10	56
8	40
10	60
7	42
10	77
13	90
8	48
8	43
8	50
6	35
12	81
17	78
12	51
7	46
7	50
13	87
11	81
6	32
12	67
7	46
4	24
9	58
7	36
10	72
10	67
13	82
5	35
12	102
4	23
8	37
9	52
13	80
5	43
10	45
9	65
10	58
14	78
3	33
5	17
15	77
7	43
9	54
9	50
8	75
7	54
10	75
7	54
14	76
11	56
8	51
7	59
10	50
10	46
10	62
6	29
1	10
3	27
10	56
7	39
6	37
7	46
6	44
6	41
7	64
7	61
9	52
11	58
9	62
3	9
13	81
10	57
4	33
9	61
5	44
12	61
6	50
4	23
7	46
10	61
13	89
8	76
6	70
5	22
1	12
9	54
3	31
9	56
11	72
7	35
11	56
8	40
6	33
8	54
14	92
8	61
11	61
12	70
12	64
5	51
10	72
11	61
15	78
6	59
9	62
6	60
9	48
12	65
6	42
9	86
9	71
12	76
15	88
8	50
8	60
12	60
8	74
13	60
10	72
12	83
11	61
5	39
11	79
12	72
9	85
11	83
7	46
10	59
6	21
11	77
8	48
2	24
12	59
11	78
6	53
8	45
4	17
4	36
5	37
9	54
7	43
7	57
11	65
9	65
3	25
6	43
19	94
7	40
11	64
9	35
5	30
10	55
9	57
9	43
10	67
6	28
4	58
6	34
12	78
5	50
5	21
4	34
5	47
12	67
6	42
11	79
8	62
8	38
21	86
11	64
12	65
13	73
4	37
11	69
10	53
5	44
8	67
12	80
6	49
8	54
7	43
1	16
10	74
3	30
9	68
12	76
7	67
11	54
6	24
11	66
11	53
9	72
11	83
9	70
9	54
8	52
10	61
3	25
5	39
8	78
11	59
5	27
8	68
7	37
7	46
3	56
10	50
11	55
9	77
9	45
13	79
1	19
4	29
4	45
6	33
7	51
10	89
9	52
8	37
14	68
11	73
5	36
7	47
8	45
10	52
13	73
6	42
9	79
11	81
8	53
8	52
6	23
10	53
5	24
8	79
5	18
9	40
6	57
8	49
12	77
7	32
8	39
7	28
10	91
5	66
10	76
9	64
7	29
14	63
12	68
8	47
14	101
10	55
10	75
9	44
9	58
10	69
9	43
14	77
9	50
11	53
13	105
2	14
11	78
12	80
10	68
10	59
5	40
6	40
10	69
10	65
12	52
8	74
10	85
14	63
6	47
10	62
7	82
8	58
7	47
10	67
6	30
6	46
10	54
9	70
10	55
3	22
8	66
8	62
7	52
8	67
12	61
8	55
8	36
11	70
6	56
8	67
9	70
5	47
9	57
8	55
8	65
7	51
11	67
11	56
5	33
3	23
10	55
9	65
10	63
9	55
7	56
8	61
8	57
5	12
11	63
9	87
6	51
9	55
9	62
5	31
8	53
11	70
10	53
9	46
13	77
10	60
11	66
11	68
1	3
7	51
7	61
11	82
3	26
5	51
5	50
10	56
12	77
7	59
12	79
12	85
10	67
11	53
10	53
6	43
6	42
6	46
12	68
5	39
7	24
8	45
11	101
10	64
7	36
13	72
6	45
4	42
4	26
12	71
17	97
12	82
9	59
11	68
5	65
9	59
6	49
8	49
8	43
10	57
2	15
9	49
12	56
9	41
14	95
7	42
10	72
10	64
3	27
11	61
13	96
7	65
11	63
5	36
9	55
5	22
8	53
8	61
9	60
7	46
10	52
11	79
12	72
9	35
14	101
9	48
6	33
7	63
11	67
8	56
10	44
15	92
6	52
13	73
9	61
8	62
12	92
7	40
9	71
16	88
13	81
12	89
5	30
10	68
7	72
9	70
6	34
8	48
11	75
9	56
9	65
13	75
8	62
7	55
4	30
10	58
4	34
4	35
9	78
9	41
8	56
2	17
6	44
9	59
6	37
13	50
10	58
12	64
11	82
12	86
7	38
14	55
12	69
7	83
7	50
7	46
11	63
7	57
3	0
6	35
13	86
12	61
12	107
14	82
11	65
10	61
10	72
5	39
4	34
11	63
10	66
6	50
14	82
10	72
12	57
15	66
7	52
14	87
8	54
7	52
8	76
7	37
9	54
10	44
20	103
8	43
3	24
15	72
12	64
11	69
4	27
5	42
7	53
9	60
6	41
9	45
10	78
7	51
10	50
7	62
12	77
9	70
9	55
14	87
9	65
8	35
4	44
8	42
8	66
8	47
9	62
11	69
9	62
7	39
10	75
12	80
7	65
11	39
7	56
9	48
9	78
7	45
10	53
4	27
4	36
3	22
11	74
10	65
17	89
12	70
9	59
10	63
16	78
7	34
7	48
7	44
8	84
12	49
13	114
7	25
11	46
12	54
4	45
7	41
9	60
6	36
12	66
8	65
6	42
12	65
9	43
11	66
11	52
8	50
7	52
9	50
7	45
7	63
6	32
8	50
12	67
10	72
9	51
5	50
15	82
12	75
10	64
9	68
7	56
16	80
7	47
12	85
8	64
9	53
8	56
11	68
11	75
6	49
15	85
7	49
5	56
6	32
5	43
10	71
5	36
12	61
7	21
9	47
10	61
11	61
7	51
9	52
5	34
7	55
12	59
13	88
18	70
9	48
9	67
9	65
6	56
7	56
5	45
4	19
12	47
15	41
12	95
13	73
10	57
11	75
10	77
8	38
11	70
7	50
6	54
4	22
9	47
1	3
11	85
13	79
7	38
17	70
7	38
9	50
8	49
7	49
4	36
8	33
12	60
6	57
11	91
8	68
6	34
10	51
13	53
12	70
10	74
5	51
9	57
6	47
10	61
5	35
9	68
11	74
7	42
2	23
10	72
7	50
4	50
7	56
9	39
9	48
9	40
11	97
10	80
6	37
8	61
12	74
4	34
12	93
14	60
10	74
14	87
10	65
5	41
8	63
10	45
12	74
9	76
9	66
7	37
9	42
12	68
8	46
5	27
8	70
15	102
6	45
8	56
6	27
8	53
7	44
3	16
10	61
8	39
9	69
8	42
4	17
7	49
6	35
12	69
7	57
5	33
8	71
7	47
7	45
9	71
6	45
12	43
17	71
11	66
9	81
7	47
2	14
4	20
10	73
12	64
1	17
11	66
5	21
9	62
10	55
11	63
7	43
6	49
10	81
8	50
9	71
11	56
11	70
9	57
14	90
5	33
6	42
9	60
12	73
12	73
8	65
9	69
10	54
13	77
7	44
5	32
9	49
13	81
17	89
9	57
9	69
8	52
9	58
8	66
7	79
13	86
12	52
12	71
11	46
5	45
7	32
10	78
10	54
8	70
3	25
4	47
6	45
11	72
7	42
6	50
9	47
10	55
12	63
9	52
5	23
5	53
8	55
4	41
6	35
7	49
8	63
12	62
9	53
6	64
11	59
8	37
7	57
12	54
9	73
6	69
2	16
13	110
8	55
9	51
13	88
8	51
6	41
9	54
3	12
4	29
3	28
18	104
14	77
8	47
8	60
10	59
9	39
15	105
5	34
6	33
8	88
7	38
9	48
11	84
5	33
16	93
5	34
2	12
6	32
10	68
7	38
12	91
9	77
10	60
12	75
5	54
6	31
6	45
11	78
7	55
11	50
11	73
6	39
9	58
7	45
8	51
9	41
10	57
13	60
5	29
6	49
9	50
3	32
10	55
10	70
4	22
12	82
10	75
10	53
10	64
8	52
5	32
10	69
14	53
9	59
11	70
4	12
10	63
12	71
9	60
9	63
7	41
13	73
10	42
9	83
6	72
6	60
9	51
8	56
11	88
8	66
5	36
12	66
9	65
8	49
10	64
9	54
6	58
3	22
5	47
5	22
8	48
13	69
11	70
4	27
15	98
7	32
10	64
10	53
11	82
9	71
14	65
11	60
7	43
8	81
2	37
1	40
8	71
10	69
15	50
10	52
8	44
8	53
8	73
12	91
16	95
3	18
10	54
2	37
10	53
7	57
10	109
9	64
9	75
6	24
10	73
8	33
8	51
9	57
11	69
5	25
5	51
8	66
8	64
7	65
3	23
18	114
3	18
9	42
11	48
9	55
9	56
10	73
6	45
7	51
7	33
13	62
9	60
14	75
7	48
2	42
16	81
11	82
8	63
6	50
11	81
6	27
9	52
10	71
10	82
8	66
8	50
5	51
8	42
9	65
10	60
5	37
3	37
8	53
5	35
10	54
11	65
9	60
7	51
7	55
12	84
8	67
12	98
11	72
8	29
8	51
13	102
8	37
8	66
13	104
8	49
9	64
12	60
10	36
12	75
7	30
6	23
9	49
2	13
10	65
8	52
2	52
8	47
12	80
4	38
10	56
11	54
11	76
7	43
11	54
7	27
11	93
2	12
2	39
10	72
8	63
12	71
8	57
6	56
8	43
6	44
6	48
16	85
5	46
7	40
8	72
8	61
13	86
13	53
13	75
15	70
14	92
11	74
12	72
3	16
13	73
14	70
9	61
11	60
10	74
7	63
2	19
7	43
4	22
13	61
5	29
7	47
12	61
9	54
11	62
10	79
5	24
11	78
6	55
10	72
9	63
6	48
13	81
7	54
11	68
3	31
8	39
9	62
9	74
8	71
11	70
9	67
11	101
8	48
14	77
7	39
11	54
13	67
10	69
11	68
11	60
10	44
12	63
11	63
6	59
7	47
6	24
5	64
10	56
9	48
1	7
11	78
15	78
11	49
10	67
5	58
10	73
4	13
7	56
12	71
5	32
13	57
5	57
12	81
16	75
10	58
10	60
7	47
9	63
8	46
11	67
14	126
4	37
8	47
8	76
10	60
9	58
4	39
5	26
10	84
9	57
4	59
8	33
12	65
10	49
10	55
5	19
11	75
7	40
2	17
9	84
5	42
13	55
3	20
7	60
4	29
11	73
8	62
5	28
7	56
5	53
11	50
6	39
10	72
10	65
9	51
8	56
10	68
16	88
11	61
7	53
7	55
8	44
10	70
8	46
9	55
11	75
5	27
14	57
11	69
12	81
8	53
8	48
6	51
8	63
6	63
6	0
8	57
9	68
8	56
15	57
4	38
12	66
13	58
5	30
6	58
10	60
12	81
12	80
3	18
8	55
10	87
5	30
14	71
9	77
21	102
10	72
6	43
11	57
7	57
11	67
11	40
4	19
2	17
7	48
7	59
7	53
6	36
6	49
10	74
6	46
9	39
8	50
12	47
14	68
10	69
11	62
13	67
3	43
8	63
7	42
6	30
8	45
12	60
8	49
9	47
11	55
6	57
10	61
9	49
6	30
7	47
10	73
4	25
10	50
4	21
8	57
7	45
13	68
8	75
13	57
3	9
8	55
12	94
8	53
7	44
14	80
10	47
12	69
9	54
8	61
10	73
11	87
3	19
10	79
4	28
11	73
11	48
9	57
6	34
1	10
11	79
7	49
6	55
9	70
10	61
11	70
6	34
9	55
13	61
8	43
11	71
12	75
7	26
14	66
10	66
9	47
8	52
9	64
4	27
6	27
11	71
5	39
12	68
10	72
6	32
1	7
9	52
4	36
8	62
8	68
15	92
10	78
10	50
11	72
7	60
12	60
10	56
11	69
11	48
13	86
12	91
7	59
9	42
11	52
9	47
5	29
2	34
5	29
4	44
1	26
6	33
2	24
4	31
8	56
10	71
13	71
12	59
15	83
10	66
9	70
10	56
6	29
3	11
13	58
2	20
8	58
7	51
7	66
11	41
11	75
6	37
9	33
7	42
4	27
10	54
7	63
12	117
10	70
6	22
5	39
6	49
10	64
12	61
1	10
7	67
6	30
7	78
9	75
12	76
6	41
6	44
11	49
13	90
10	78
5	29
5	32
9	45
9	71
9	38
12	72
11	61
1	2
9	59
3	24
9	40
10	63
6	38
10	80
12	73
7	91
8	67
8	61
10	63
7	55
6	30
5	32
10	55
10	66
14	74
6	43
3	20
14	79
9	36
11	63
9	71
7	43
18	123
12	92
10	63
10	86
5	26
5	54
7	39
10	55
10	51
9	64
9	57
5	37
10	72
10	63
7	58
13	82
9	74
7	60
10	57
5	40
10	86
7	80
7	47
12	55
15	87
11	85
9	78
9	47
12	50
7	56
7	41
9	56
8	55
3	27
13	76
8	67
8	74
9	64
7	24
9	60
8	59
5	17
4	14
5	59
9	37
6	29
10	69
8	63
7	45
3	24
8	37
2	31
5	36
8	89
13	64
14	87
11	64
11	67
12	88
4	28
5	41
6	39
10	54
8	61
13	80
7	48
7	36
15	72
7	44
9	57
8	54
17	111
5	52
11	58
7	60
12	81
6	36
7	45
4	23
8	62
15	65
10	61
3	33
8	67
4	37
7	68
9	53
13	58
8	60
6	41
10	60
6	41
10	56
9	75
9	66
8	60
9	36
7	60
11	98
9	61
7	48
11	67
4	66
11	50
9	58
9	78
11	105
9	41
3	25
11	86
9	61
11	71
4	43
19	144
7	39
11	71
10	63
10	54
9	72
9	44
8	44
2	34
5	29
11	62
11	69
9	56
3	28
4	11
8	60
8	87
3	13
2	4
9	64
8	59
12	73
9	43
10	67
8	67
2	12
9	61
12	79
5	46
15	72
10	74
8	27
11	61
8	70
3	59
8	64
8	38
9	51
8	44
10	52
6	23
10	61
8	55
12	66
10	58
8	42
3	56
8	57
13	88
8	54
6	25
7	67
10	86
1	6
13	94
9	66
3	27
13	86
10	67
12	81
7	98
8	76
9	52
15	112
8	66
13	68
10	48
10	63
6	44
2	12
10	53
11	54
13	81
12	80
13	74
8	43
9	70
5	32
19	84
7	74
10	66
9	57
10	46
9	78
11	89
14	81
4	35
8	66
7	40
10	57
5	30
3	15
17	90
9	54
9	69
12	84
8	52
6	31
6	44
10	82
6	39
7	63
10	90
7	34
10	57
6	37
2	10
10	57
10	57
12	64
9	76
7	63
11	87
10	55
9	54
4	20
7	60
13	67
9	70
8	47
9	61
13	65
8	44
10	63
9	65
8	45
9	51
4	35
6	38
3	27
10	48
3	15
13	65
9	37
4	41
4	42
4	31
4	18
9	32
7	31
9	48
8	77
7	35
8	48
6	29
1	27
8	38
6	38
10	46
6	29
8	39
3	20
1	15
7	56
3	26
7	44
10	79
1	11
12	65
6	31
9	56
10	52
5	33
1	10
6	24
2	16
8	59
8	49
12	78
6	34
3	34
4	28
6	57
6	28
7	37
8	53
4	33
2	23
12	79
8	100
7	25
8	41
12	70
9	81
7	31
9	77
8	55
5	31
7	70
5	30
6	59
9	36
4	32
3	20
7	49
6	27
2	6
7	40
7	40
7	22
13	43
4	26
19	103
11	65
2	47
4	25
3	23
8	38
8	41
8	53
9	40
2	19
2	21
8	93
6	33
8	51
4	34
7	38
5	22
5	31
6	28
8	43
5	41
8	37
8	41
12	71
7	20
9	94
14	59
6	29
5	30
6	40
8	40
4	18
4	25
2	16
6	44
7	83
4	36
6	30
16	45
7	77
5	34
8	51
4	18
3	17
10	45
11	88
8	45
1	16
8	44
2	17
6	68
12	38
8	53
10	54
2	18
18	80
8	33
8	55
4	17
4	43
9	30
6	47
4	30
9	53
3	11
3	16
8	49
12	43
4	64
4	29
10	41
9	58
6	45
12	49
9	61
5	25
6	33
11	71
4	65
7	35
5	37
4	19
9	49
4	21
10	62
6	28
5	21
5	55
6	40
8	32
9	48
7	34
7	52
9	70
6	66
8	66
10	58
4	27
6	18
8	48
7	43
6	45
7	56
6	36
1	10
7	36
6	40
11	94
13	69
8	43
7	42
6	37
16	61
5	20
7	34
6	60
2	12
2	20
5	48
11	70
11	48
9	62
7	53
4	17
6	27
3	39
7	32
6	79
7	40
2	8
17	74
7	51
10	65
10	49
6	28
8	38
5	25
4	17
2	8
6	26
14	66
6	65
8	61
9	31
15	78
10	47
3	28
10	41
10	58
7	18
13	70
4	16
2	19
18	50
10	77
2	19
6	21
2	13
7	55
7	37
6	46
3	29
6	46
3	17
5	22
5	28
8	53
4	18
8	37
7	52
14	60
6	31
7	26
11	62
3	16
10	56
7	35
4	24
11	73
1	13
3	20
6	45
4	51
2	8
3	27
2	13
8	49
8	46
5	14
8	57
10	42
3	24
1	9
10	56
7	29
12	63
7	63
6	41
4	24
14	73
17	82
3	23
4	22
8	62
10	82
2	22
4	16
2	11
2	10
6	31
7	27
5	22
12	67
10	64
19	69
7	36
4	16
14	63
7	86
2	13
11	69
6	33
10	50
6	29
9	34
1	15
10	64
2	13
4	27
9	41
6	35
11	70
14	74
1	15
10	77
6	50
8	71
11	54
5	32
5	27
3	33
7	32
11	71
8	38
12	42
6	19
3	27
7	39
4	24
9	38
8	56
14	75
5	32
4	22
5	21
5	52
3	22
8	47
10	83
5	19
5	64
6	31
8	46
9	66
3	21
4	34
5	47
13	68
4	32
9	36
4	31
6	28
7	27
4	20
3	10
5	30
2	17
7	58
8	40
6	39
10	59
5	71
2	11
9	50
6	39
2	54
10	69
5	42
10	74
6	40
10	59
8	41
5	21
10	50
6	39
6	39
7	40
4	27
5	43
9	63
11	44
5	47
9	56
11	64
3	24
4	39
5	0
2	15
4	24
2	12
5	54
7	37
6	37
12	66
6	59
5	28
19	100
4	29
5	20
6	25
2	12
12	79
3	29
5	23
7	60
5	30
8	42
10	85
10	62
7	72
5	34
12	64
4	14
7	47
11	55
9	38
13	59
9	65
8	51
7	48
8	37
4	21
7	68
5	24
1	6
5	32
11	80
7	33
8	38
5	24
4	37
5	25
8	30
1	8
6	31
7	37
10	48
5	31
14	90
5	29
9	92
3	10
5	44
4	24
8	27
7	41
4	13
7	80
9	62
10	80
4	23
1	21
1	9
4	47
9	42
5	21
8	39
5	36
3	30
8	37
5	28
6	22
19	62
9	50
5	44
3	19
6	36
3	24
4	32
6	33
6	28
8	71
5	20
6	56
9	57
6	63
9	45
7	0
6	38
1	2
6	35
3	20
4	28
3	36
2	9
11	81
3	17
6	47
7	28
5	28
14	55
5	29
4	28
9	41
5	26
5	25
7	39
4	32
5	30
3	26
5	40
4	29
9	89
4	19
13	68
5	23
13	58
5	33
11	65
1	14
10	65
3	10
1	16
12	67
10	68
12	83
5	29
7	58
3	27
5	33
4	20
7	68
7	38
7	41
3	23
6	29
5	25
5	33
6	22
3	19
5	29
4	29
10	40
4	20
8	44
10	58
4	20
9	73
5	41
4	20
5	24
9	33
16	59
4	31
5	18
8	25
8	91
5	29
4	25
12	63
8	63
6	33
5	26
8	31
6	31
6	26
4	20
7	30
5	30
9	54
21	100
1	15
10	56
4	37
4	28
12	67
14	44
4	20
5	28
1	15
4	18
6	45
8	54
8	57
10	34
3	16
3	23
4	18
3	24
15	64
3	13
6	47
4	31
9	54
8	46
5	27
5	21
7	37
3	26
4	31
4	22
8	69
5	30
12	53
11	74
8	62
12	48
5	48
3	25
5	38
9	36
11	56
8	54
4	18
11	55
7	35
4	20
8	39
5	48
7	47
4	25
7	53
6	40
7	50
3	14
15	43
6	31
2	12
8	32
5	28
8	40
5	50
4	30
5	24
4	28
7	49
7	71
2	12
8	47
8	50
8	42
4	25
5	25
2	18
3	17
6	26
4	26
6	26
6	32
4	24
6	20
3	11
5	21
2	8
7	35
1	13
6	39
7	27
13	57
3	22
2	27
5	22
11	65
5	39
6	35
3	38
5	42
4	20
6	31
4	14
6	44
7	33
12	65
6	21
6	24
6	65
9	56
6	32
5	36
6	28
5	27
5	32
9	51
5	30
10	63
11	65
1	20
7	51
2	10
5	32
9	54
11	52
7	37
9	55
11	59
6	26
8	57
9	28
7	40
9	89
9	61
4	44
7	34
7	37
5	29
7	43
7	21
6	23
7	36
2	12
2	15
14	55
6	15
5	16
6	35
4	51
8	58
10	52
8	45
10	76
8	54
7	69
13	53
4	43
4	30
5	27
5	56
2	18
3	19
2	52
4	30
8	44
8	34
7	67
1	26
8	84
6	36
4	30
5	49
6	37
10	75
1	12
6	30
7	40
15	72
8	54
7	57
3	12
7	54
2	9
8	37
12	61
4	30
5	40
2	6
12	74
9	60
6	39
4	16
4	15
8	44
4	18
5	29
5	41
5	22
9	48
6	64
7	34
1	37
6	38
1	12
7	74
12	93
3	18
13	58
5	36
4	27
6	33
11	40
12	55
11	73
2	46
6	26
13	46
5	41
3	13
5	34
9	63
6	31
1	14
8	60
8	66
5	18
2	22
9	39
5	24
9	57
6	46
3	21
10	62
4	31
9	69
9	39
6	47
8	59
3	18
8	45
3	17
4	35
10	60
7	57
9	50
5	29
4	31
8	41
5	26
4	29
5	30
13	63
11	59
11	67
2	21
6	43
4	25
2	27
9	81
7	43
4	29
7	43
5	41
10	42
6	46
2	20
3	27
3	24
2	22
5	27
8	59
5	16
9	52
3	19
7	49
5	37
7	69
11	77
6	50
3	27
9	49
9	52
6	53
15	75
3	24
4	40
4	34
10	64
8	60
4	32
6	63
6	26
5	20
3	15
12	72
4	17
2	21
7	43
6	50
6	39
4	18
5	29
5	50
9	83
6	35
7	26
5	24
5	16
7	38
8	33
11	61
4	27
8	52
3	19
7	28
7	42
7	28
9	75
7	34
7	35
6	38
11	68
7	28
9	36
10	59
12	56
10	53
5	33
7	26
6	61
6	44
3	33
10	51
6	20
3	22
16	58
2	7
5	18
6	51
5	31
9	56
8	53
9	28
9	44
9	86
8	60
7	29
4	21
6	41
10	59
5	36
8	46
9	53
8	38
6	36
4	24
5	41
2	18
9	68
2	23
9	75
8	44
4	30
7	30
4	27
4	36
8	55
9	47
6	49
8	60
13	58
8	60
6	35
5	32
3	30
10	75
11	86
4	21
2	17
9	33
3	30
6	50
8	36
7	38
9	51
3	23
8	64
3	20
6	47
7	26
2	66
12	60
9	60
5	19
7	37
12	53
5	24
11	97
6	23
4	16
6	43
13	81
12	72
7	38
13	52
4	24
4	38
4	37
8	44
8	40
7	34
2	60
6	36
7	31
7	29
8	63
9	53
9	41
3	26
1	10
10	48
6	32
2	10
5	29
4	19
1	4
2	33
3	13
8	55
10	48
13	43
10	34
9	62
3	19
9	42
7	30
9	68
4	18
13	59
11	65
13	54
8	45
7	40
7	53
4	22
6	74
6	34
3	18
3	16
1	11
10	57
4	21
7	53
9	63
2	19
12	58
4	20
7	44
1	8
7	46
9	68
4	29
6	40
5	29
6	16
3	33
6	43
7	32
6	36
1	15
4	21
8	40
6	47
7	40
12	67
9	31
2	14
3	24
9	54
10	40
5	15
4	29
6	28
4	18
5	29
7	37
5	30
4	28
10	57
8	32
6	27
9	56
2	46
8	46
5	43
1	6
4	31
8	53
14	57
7	55
8	79
7	30
5	53
6	47
10	58
8	80
7	32
15	88
2	11
4	29
5	24
11	73
12	73
3	29
10	42
4	16
5	16
2	7
8	38
3	10
9	42
11	53
3	20
6	28
12	72
8	59
7	29
8	41
11	48
4	28
11	43
4	29
5	41
7	25
9	47
4	39
6	66
4	67
2	29
8	28
12	54
5	28
6	23
5	45
8	51
5	23
10	53
9	42
2	13
5	24
7	55
10	69
3	27
9	74
7	42
3	21
1	62
6	29
6	37
10	38
10	67
2	20
3	15
1	27
5	23
6	24
7	33
9	57
3	29
2	11
13	76
4	15
4	20
5	32
10	45
4	29
4	36
7	31
10	84
4	26
9	56
6	33
10	56
1	7
6	47
3	13
9	58
12	36
4	20
4	17
2	9
4	39
5	24
6	23
2	6
11	45
15	71
7	46
7	35
8	68
13	84
4	54
10	55
3	20
4	35
4	28
4	21
10	47
4	25
5	27
14	75
7	41
4	18
6	39
3	17
10	55
1	21
8	52
13	74
7	43
6	69
4	15
12	96
7	43
15	93
9	43
9	54
5	21
5	30
4	37
9	49
7	40
2	10
7	40
6	37
7	60
9	58
6	40
11	59
6	33
9	36
6	29
6	61
4	26
7	50
12	46
4	24
4	29
8	38
5	30
5	40
3	22
14	54
7	54
13	92
12	58
12	63
11	72
9	48
9	32
1	26
11	55
2	24
3	14
6	33
3	29
2	17
7	37
14	70
4	42
4	22
7	55
4	24
9	73
3	17
8	60
6	27
8	28
6	20
3	21
8	69
7	36
5	33
15	82
5	44
4	35
10	77
8	40
9	52
9	55
6	31
1	21
3	29
6	48
2	4
7	57
4	31
6	40
3	23
7	31
13	69
6	21
12	92
3	9
4	19
4	26
5	30
2	15
7	36
6	20
6	42
7	56
7	31
8	42
10	46
12	76
5	34
13	56
5	27
17	75
7	52
6	38
2	28
7	40
1	8
6	45
12	68
3	14
5	25
6	40
4	25
7	57
1	7
7	48
6	33
8	64
6	35
4	19
3	38
5	35
4	22
13	72
9	76
5	30
4	23
7	61
13	47
4	35
11	75
3	21
6	62
4	31
2	6
4	22
10	71
7	53
4	33
8	53
3	0
7	38
7	28
9	53
9	49
4	20
7	38
7	61
6	33
5	22
5	40
5	14
9	60
9	58
4	40
5	38
2	9
4	6
5	22
11	85
9	26
12	65
5	28
5	25
3	30
10	57
8	43
16	101
9	65
6	55
8	35
8	52
7	42
9	49
2	8
4	25
4	24
4	20
5	34
6	57
4	31
2	15
5	57
3	28
5	29
6	38
11	55
11	89
7	54
4	30
4	25
7	45
6	23
7	20
1	8
3	20
9	80
3	20
6	37
5	29
2	8
4	22
3	33
7	49
6	56
7	57
7	49
13	76
6	25
4	24
4	24
1	15
9	48
8	52
12	44
4	21
10	70
6	25
8	58
4	24
5	21
6	31
8	51
10	51
10	63
14	58
5	32
7	61
5	29
10	50
9	50
6	33
10	53
12	80
7	61
2	14
8	57
5	27
4	20
10	53
8	56
10	78
2	16
5	57
7	51
5	35
5	24
5	30
11	59
5	28
3	17
3	23
4	25
8	44
5	43
8	42
7	35
16	72
3	26
10	71
11	90
9	55
6	60
3	26
4	23
9	45
3	19
16	62
5	36
15	59
9	46
12	54
5	48
5	20
1	26
4	16
14	89
3	19
4	27
5	28
21	92
8	74
2	15
5	32
3	12
6	42
5	16
12	96
6	38
12	65
2	17
5	34
8	29
3	9
6	27
4	12
7	79
5	20
6	31
9	47
4	55
8	35
2	12
5	38
11	0
6	48
11	57
14	100
1	17
7	23
6	26
2	18
8	54
9	29
3	32
10	51
3	24
2	20
10	83
6	40
9	42
5	51
3	17
8	39
9	60
9	39
13	42
10	52
2	20
13	77
3	29
9	90
4	25
6	49
6	26
6	24
4	35
6	34
5	70
4	32
3	25
8	35
12	81
10	68
12	69
3	33
8	33
4	13
1	12
7	44
3	18
5	35
5	43
15	79
11	60
12	98
13	79
6	38
4	31
3	20
5	27
7	33
5	17
6	0
3	20
7	64
10	60
10	50
5	18
5	17
7	64
2	19
8	53
8	43
11	48
2	9
7	25
7	42
1	6
7	53
4	26
18	77
7	32
6	28
7	40
11	65
11	25
5	27
5	38
7	47
11	65
5	34
8	35
9	59
13	79
5	70
7	77
9	81
8	57
7	49
9	60
5	26
8	43
6	28
8	39
17	75
3	16
6	34
5	17
3	24
2	13
5	34
11	64
5	26
7	64
6	30
4	23
6	23
7	34
7	39
5	28
9	35
12	53
9	42
6	22
8	64
4	57
6	39
4	21
9	66
10	64
6	25
3	18
9	34
14	70
8	38
6	25
6	24
5	26
11	65
5	23
13	87
12	86
5	36
2	19
5	29
6	30
8	56
3	18
4	53
15	125
6	42
9	42
8	35
7	32
9	47
7	50
11	64
10	36
9	52
7	59
7	34
10	47
5	24
12	81
10	46
5	30
9	60
5	31
4	34
11	77
4	44
1	12
8	61
16	59
14	106
10	55
6	40
8	41
7	50
3	12
6	25
5	29
7	35
2	8
3	34
8	58
4	17
7	52
7	35
5	28
6	30
7	57
11	81
5	35
4	22
5	44
2	16
6	28
3	14
8	43
1	27
4	24
6	43
10	27
12	40
5	31
3	24
11	61
8	44
8	38
6	44
8	26
7	50
11	58
5	47
5	37
10	44
8	43
10	44
11	51
4	16
1	8
13	68
3	10
9	51
5	31
8	37
12	71
5	21
7	46
9	67
12	62
5	35
6	35
10	48
5	53
8	64
8	54
6	77
8	69
6	27
5	34
8	75
10	62
11	67
5	24
8	66
7	38
7	38
3	38
14	72
2	21
8	36
8	35
6	32
3	27
6	38
8	53
6	45
3	23
2	16
6	39
6	29
10	40
5	25
4	31
4	26
2	11
9	39
9	55
1	15
2	12
6	65
3	27
2	15
6	27
2	16
6	42
3	19
3	27
2	17
3	51
2	16
5	33
13	54
5	28
7	41
7	39
6	30
5	20
8	19
10	60
7	35
4	34
7	49
3	14
8	48
3	18
5	49
8	59
5	41
9	53
7	48
1	11
8	30
8	40
4	25
9	61
6	25
3	22
15	65
6	29
7	33
2	24
5	21
8	38
2	18
6	41
7	44
8	61
7	35
5	26
2	22
3	18
7	31
4	26
3	23
5	21
1	7
3	46
3	16
7	54
4	20
8	36
2	18
10	42
7	49
9	68
4	17
4	21
7	32
3	32
6	40
4	25
9	56
2	22
9	35
5	32
5	24
3	22
7	42
7	50
2	19
8	43
4	12
9	49
6	33
4	31
7	27
3	25
1	14
3	35
4	19
5	19
3	23
13	51
4	16
5	30
6	35
9	53
7	43
3	12
2	23
6	44
4	22
11	65
4	18
12	65
3	19
6	39
2	12
5	33
2	47
5	26
11	51
2	5
12	72
1	12
2	18
3	20
1	9
6	28
6	64
2	16
7	34
4	24
5	19
9	57
2	26
9	59
5	51
7	36
5	40
7	36
5	44
8	33
3	26
7	40
4	30
6	22
7	60
3	22
8	52
7	28
5	32
11	53
1	10
7	34
6	28
4	21
4	24
1	10
3	33
13	78
3	12
4	56
5	19
3	27
2	10
5	52
5	49
12	65
4	23
7	48
3	19
11	42
6	49
2	15
6	46
4	37
12	86
4	27
3	38
3	12
2	13
2	35
5	23
5	45
4	43
5	27
4	21
7	24
3	25
2	33
7	61
5	16
9	60
13	82
1	6
2	12
3	44
5	12
8	42
4	27
2	19
8	58
4	20
7	35
3	23
7	24
7	61
7	48
1	6
4	20
4	20
13	45
4	17
4	31
7	39
9	48
7	55
5	49
1	3
6	23
7	37
7	41
3	23
5	38
1	12
4	35
1	10
4	29
8	38
4	26
9	57
3	15
7	34
1	15
4	14
5	33
8	42
6	29
5	53
3	19
1	7
2	25
8	49
6	31
8	40
6	26
10	57
6	37
5	41
8	30
8	52
4	15
3	33
3	48
4	32
2	24
3	25
3	17
7	36
7	41
2	15
2	17
3	36
7	71
7	66
10	57
6	42
2	20
1	7
9	48
3	24
6	37
2	24
3	16
2	16
5	33
9	51
6	36
6	40
2	17
6	55
4	21
4	22
8	47
8	39
3	26
2	14
4	24
1	17
8	72
5	28
4	34
6	43
1	20
8	39
6	55
5	35
6	38
8	66
6	37
3	21
15	71
6	50
3	16
1	7
4	35
10	59
1	10
4	26
3	33
1	21
4	35
6	25
4	32
1	14
3	25
4	20
1	31
3	32
7	52
1	19
7	59
4	32
5	20
4	25
4	21
4	37
4	28
3	38
14	76
7	52
6	36
6	29
6	27
1	14
4	38
5	35
3	17
1	9
7	55
1	8
4	18
6	51
9	34
3	10
5	41
9	42
4	29
13	55
2	17
5	36
8	50
3	18
7	57
9	58
8	31
3	14
2	13
6	34
5	31
5	29
3	27
2	17
6	24
5	25
4	15
2	32
10	39
9	45
7	40
3	22
6	27
2	18
4	24
6	50
3	39
2	18
3	12
5	53
8	42
7	43
3	18
8	55
2	16
2	16
7	53
6	73
4	42
12	41
10	52
6	27
10	66
1	12
3	19
13	51
11	55
4	24
3	8
3	38
2	10
6	38
1	11
3	26
1	9
7	34
1	25
1	14
4	34
8	51
5	23
12	66
5	29
8	40
6	43
5	30
4	15
5	40
5	17
7	41
8	65
5	14
4	29
5	47
8	65
5	48
6	25
6	37
2	21
7	26
4	33
2	13
5	24
8	75
2	80
1	8
7	38
6	40
4	35
6	38
3	20
4	29
4	35
2	13
7	64
4	23
2	10
7	48
5	52
6	35
1	16
9	69
4	21
7	23
2	14
1	12
1	11
9	66
5	24
12	75
3	17
13	54
8	48
10	42
2	29
1	9
1	10
5	27
4	34
3	17
1	12
6	30
3	31
6	46
6	41
2	22
6	40
2	10
8	64
7	36
5	25
4	28
3	20
2	15
5	29
2	28
7	59
2	20
2	23
7	37
5	27
1	13
4	21
5	31
7	48
6	25
5	41
7	40
5	31
5	56
5	31
2	16
4	23
9	33
4	19
2	10
5	29
6	31
5	26
2	14
6	22
5	26
10	43
3	30
2	30
4	31
6	28
3	23
9	41
13	48
4	34
9	68
3	24
6	55
6	41
1	21
3	15
4	19
2	16
4	25
7	32
5	27
2	12
13	55
10	51
5	36
2	14
8	42
5	27
10	67
3	24
3	31
3	23
4	17
1	15
3	6
4	18
2	12
7	47
3	30
3	34
6	29
5	52
12	33
8	53
8	73
4	28
5	43
5	48
6	18
8	48
6	29
8	53
6	34
5	34
2	22
1	8
6	41
4	16
4	53
3	47
6	39
10	56
16	99
3	31
5	30
3	20
2	18
1	9
6	26
9	42
4	17
3	18
4	25
7	34
2	20
1	12
1	16
8	42
6	33
5	41
8	50
4	26
10	59
3	13
2	13
8	50
10	71
4	39
3	22
5	30
7	35
3	12
5	33
7	51
3	28
4	22
9	71
2	28
6	41
6	23
1	16
2	22
7	80
4	52
4	18
8	44
1	3
7	44
1	15
8	55
1	11
3	18
1	37
7	46
6	32
1	13
4	10
5	23
2	20
1	10
6	37
5	44
4	22
5	29
8	37
6	38
5	31
7	39
7	47
6	32
6	36
3	12
4	28
9	59
6	28
12	77
5	25
2	18
2	27
3	26
5	21
3	30
7	32
4	40
3	25
8	56
3	17
3	45
1	10
5	26
5	43
3	14
1	14
1	12
9	41
1	22
4	39
1	15
3	41
5	37
2	16
5	40
1	8
5	21
2	7
3	15
3	14
4	36
6	27
4	24
6	56
10	54
7	44
7	36
2	24
3	26
8	50
6	29
8	64
8	40
3	32
6	37
7	44
4	22
4	35
2	12
2	24
9	69
1	12
7	53
5	28
5	61
4	25
5	33
8	40
4	22
6	31
2	12
6	48
2	24
5	22
1	11
1	11
3	16
5	23
3	15
1	10
5	38
11	36
8	47
6	36
3	25
3	28
4	28
23	80
11	54
9	37
6	35
5	36
2	20
6	34
2	27
4	18
6	50
7	25
5	19
8	66
9	63
5	65
6	33
6	39
3	21
2	7
10	62
1	8
6	39
5	33
5	40
10	80
10	34
2	16
6	26
6	32
2	15
8	58
7	46
2	14
7	63
8	43
6	28
8	46
6	45
3	22
4	19
1	14
2	20
6	33
1	9
6	30
4	23
4	32
5	27
5	33
7	46
9	35
6	34
1	17
11	49
10	55
6	41
5	34
6	31
7	49
1	7
4	27
4	11
1	21
3	18
6	40
5	44
10	54
5	30
2	17
5	35
1	10
3	13
4	29
6	40
1	13
10	92
10	63
8	56
3	25
11	55
3	24
2	23
7	21
2	15
2	13
3	16
2	14
5	40
9	48
4	23
3	23
4	21
6	26
2	21
3	29
3	20
1	19
1	11
1	10
1	23
3	21
1	9
1	8
6	43
8	46
10	54
4	18
3	23
1	6
11	67
10	48
1	8
6	48
9	68
12	60
9	36
8	40
2	24
6	28
8	46
6	46
3	22
7	59
5	34
7	37
3	18
3	14
7	30
5	42
7	54
4	35
6	46
14	74
7	22
5	34
7	34
3	29
5	23
7	43
7	40
2	16
3	30
3	22
13	65
7	59
5	31
7	53
4	17
7	56
6	66
4	28
5	40
2	14
7	27
2	22
6	35
6	33
4	25
5	31
6	34
11	75
1	5
1	20
8	43
3	18
9	61
5	38
13	54
5	21
5	30
4	24
2	30
11	56
3	27
1	6
2	19
7	37
2	21
5	26
10	45
1	10
3	15
6	30
2	15
3	17
7	42
5	33
6	38
7	50
11	43
4	19
4	21
4	31
6	37
5	45
6	25
9	58
4	29
3	18
8	38
5	32
8	30
3	29
6	25
4	38
4	24
7	39
1	11
5	31
3	19
6	32
4	23
1	10
3	15
5	30
3	42
6	56
5	38
6	39
4	19
3	19
7	46
3	36
5	60
6	29
9	31
6	64
8	49
4	30
5	35
1	9
7	51
7	38
7	48
11	88
8	50
3	34
5	38
9	65
4	20
4	24
4	33
1	4
4	45
5	20
4	18
2	50
1	17
7	35
2	34
5	18
6	0
8	65
4	29
4	30
4	34
1	22
8	43
5	24
1	15
6	42
8	45
2	13
2	11
6	44
11	52
8	48
1	10
4	15
3	30
12	46
1	10
4	20
6	31
2	18
1	3
2	12
8	50
5	43
7	31
9	58
1	12
3	16
5	42
2	9
4	34
5	43
7	33
3	27
4	41
3	19
3	24
4	24
4	29
5	24
6	19
5	39
3	27
4	39
3	25
3	18
4	28
2	22
2	29
6	31
6	38
5	42
2	12
4	53
9	62
2	12
6	39
4	41
4	36
5	44
8	36
8	53
6	41
1	10
9	57
4	12
2	8
13	57
2	19
7	43
5	28
3	17
6	21
2	16
4	28
5	52
6	37
5	41
10	48
5	31
1	21
1	8
9	43
7	34
6	49
9	51
5	19
9	59
6	37
4	36
5	25
2	18
5	58
2	24
3	13
6	32
5	24
4	30
8	39
3	27
2	25
3	28
12	48
8	56
6	30
3	24
3	23
9	44
7	31
4	12
4	32
2	32
6	31
6	47
9	36
6	35
3	18
8	82
7	44
7	42
5	24
6	13
9	40
1	22
2	21
9	43
5	41
1	7
2	10
5	27
3	17
7	63
8	38
9	61
5	26
2	13
9	64
2	12
7	38
2	13
5	38
6	36
2	14
7	27
5	21
7	47
1	7
1	20
3	29
6	42
2	7
1	0
6	46
9	45
11	57
7	36
3	32
2	19
1	22
5	26
4	21
3	15
3	39
15	54
1	14
5	36
8	39
3	21
4	21
1	11
5	36
2	21
2	9
4	18
5	20
3	54
8	25
7	39
5	23
2	24
1	6
9	56
4	57
3	16
8	43
2	20
2	18
5	37
3	23
6	25
8	61
6	25
4	23
9	63
1	8
4	28
4	22
4	32
4	40
3	24
6	43
2	17
8	38
4	29
7	42
2	21
2	16
1	5
5	62
4	36
7	38
3	19
1	5
7	40
2	12
4	40
9	77
7	47
7	57
2	19
1	10
5	16
6	43
2	14
3	25
9	50
2	21
2	17
5	33
4	40
7	26
4	45
6	29
12	53
9	60
5	35
3	25
3	28
7	50
5	16
7	57
11	59
9	74
7	65
3	15
6	43
3	32
8	48
6	38
4	32
3	31
11	84
8	37
1	21
4	33
10	41
1	15
3	18
6	55
7	31
3	27
2	14
5	26
3	12
3	17
6	29
3	18
6	23
5	32
1	8
7	0
7	56
7	26
2	10
4	18
4	24
2	12
20	118
7	36
4	21
7	47
1	3
9	59
4	21
11	47
3	64
7	43
3	28
1	9
10	68
1	14
7	39
4	42
5	23
5	22
2	10
12	55
4	32
2	13
3	23
6	48
8	51
6	37
7	46
7	38
10	49
7	34
5	27
9	69
1	10
7	48
7	45
2	19
3	20
5	38
2	27
2	13
5	41
2	20
3	25
4	45
7	24
4	22
1	30
3	18
3	12
8	46
4	23
3	27
8	57
4	13
4	30
9	55
7	43
10	37
6	50
5	40
10	72
5	41
8	39
4	23
1	13
6	41
2	15
3	18
5	29
3	35
3	21
11	61
5	43
4	20
8	48
7	60
10	52
2	16
6	37
7	64
3	16
2	23
6	68
4	23
1	12
5	41
6	56
7	39
6	29
3	22
6	34
1	12
9	51
2	24
5	31
7	32
3	25
3	36
4	25
7	63
6	44
2	13
1	19
1	13
3	19
3	16
5	28
10	62
9	44
3	20
5	45
3	17
2	23
1	14
7	90
3	34
4	20
6	27
3	31
1	12
5	18
6	28
10	57
1	5
1	26
1	16
2	10
2	14
8	76
14	58
6	46
2	12
3	25
3	18
6	32
8	47
15	82
6	35
7	37
3	13
3	18
12	70
10	46
5	22
3	31
3	26
8	38
6	34
8	55
6	44
5	39
9	49
8	47
1	19
6	36
6	46
1	3
5	51
2	25
8	65
2	18
5	21
6	32
4	29
5	56
3	35
5	30
4	17
3	15
8	52
3	20
1	24
3	14
12	50
7	35
5	33
10	57
1	10
8	36
7	46
2	25
3	30
3	22
2	14
2	21
3	24
4	24
4	20
5	19
6	40
12	58
6	53
10	52
6	40
9	53
6	65
4	31
3	20
7	80
2	13
3	22
6	22
1	6
3	25
3	20
6	35
8	56
5	40
6	34
11	52
4	22
4	16
3	9
1	14
3	25
5	46
2	25
3	29
4	28
2	15
4	12
6	52
7	60
3	26
1	20
8	28
2	18
8	48
9	50
4	22
2	15
4	19
8	42
3	21
2	15
6	35
4	21
6	26
7	59
5	31
4	19
6	27
8	55
14	61
4	16
3	17
4	41
2	15
4	38
6	28
10	69
3	32
5	22
9	30
3	28
2	26
1	6
9	81
5	39
5	24
8	39
4	18
2	16
12	53
2	10
2	8
8	36
4	43
16	73
2	23
9	32
5	27
1	17
4	27
3	18
16	62
2	17
4	40
7	57
1	17
10	57
4	30
7	67
8	33
1	9
2	11
1	12
11	51
4	27
9	54
3	23
6	24
11	67
4	40
8	47
7	39
4	18
7	43
7	38
14	93
5	26
3	21
3	16
3	11
11	40
5	20
9	60
1	6
2	9
3	17
4	13
4	25
2	15
3	15
6	40
6	27
7	41
9	53
2	25
7	37
4	47
5	36
12	45
7	33
2	12
8	28
7	36
2	17
3	15
3	16
3	17
5	32
3	12
2	22
4	16
10	46
11	33
6	60
3	18
2	17
4	22
5	28
1	8
6	49
7	45
9	46
6	20
9	59
2	23
10	69
1	10
3	15
2	13
4	40
7	34
4	28
1	11
10	49
4	22
3	30
3	15
4	30
3	18
7	23
4	17
1	16
4	30
14	73
5	27
3	9
3	9
3	33
2	26
3	46
5	36
7	46
3	20
5	29
12	61
3	14
8	40
5	26
3	29
4	29
3	21
5	41
13	53
10	86
8	76
6	46
5	32
11	51
4	34
5	32
4	38
4	27
1	11
8	52
5	40
5	30
3	12
4	40
2	17
4	35
1	17
8	64
4	18
2	11
8	43
6	45
2	14
5	35
4	23
1	10
8	60
7	38
6	60
10	58
3	18
2	21
5	32
1	3
12	44
7	32
6	30
8	38
3	19
12	60
9	62
3	27
1	11
2	17
5	31
12	64
1	9
2	9
3	23
6	43
2	20
5	38
7	49
5	39
3	25
6	31
5	27
7	34
2	29
6	58
6	25
11	74
5	18
3	33
5	27
2	10
6	38
1	7
6	40
12	59
4	17
7	46
15	67
1	5
4	37
11	58
5	40
5	24
1	16
6	42
5	19
2	16
7	58
5	24
10	62
1	13
1	7
7	27
1	7
11	64
6	39
5	27
6	59
7	42
8	56
7	48
7	34
1	9
2	22
6	26
7	45
1	9
3	21
6	30
2	13
8	34
6	46
4	10
6	42
3	13
8	39
8	39
2	15
2	18
4	41
11	41
3	18
1	13
2	27
5	28
4	20
2	17
5	29
9	36
8	59
7	43
3	19
9	40
7	53
10	53
11	68
10	43
8	48
2	10
12	60
5	23
6	32
8	31
4	48
12	45
7	55
8	46
6	44
10	61
9	54
8	42
14	57
7	35
9	45
6	34
4	16
8	50
7	55
13	57
10	33
7	36
8	52
14	49
7	33
9	37
7	40
12	50
20	74
5	34
7	41
8	29
6	31
4	14
5	49
9	56
9	51
9	40
6	23
3	17
11	59
4	26
3	15
8	32
10	39
12	63
17	90
5	27
7	58
7	33
2	22
7	29
5	28
9	50
5	34
8	52
7	26
8	35
8	49
7	41
13	42
8	51
12	72
9	61
4	15
3	10
8	42
5	36
8	64
4	18
5	38
5	26
6	26
9	42
4	13
7	32
6	19
6	31
7	55
6	45
4	22
3	25
8	38
7	34
7	37
7	53
6	45
7	30
8	31
4	20
11	58
7	49
6	26
7	33
14	87
10	47
10	39
1	9
8	51
9	94
6	45
11	54
6	44
8	44
13	46
11	43
4	20
10	83
7	52
8	30
5	31
7	50
2	7
8	50
5	20
3	19
14	97
2	14
11	45
8	53
4	18
10	46
10	48
8	20
7	41
14	79
11	42
8	31
6	29
4	20
8	32
2	38
10	58
3	12
10	39
15	51
5	46
6	33
3	15
1	9
9	62
11	77
15	94
5	43
7	37
4	19
5	29
10	49
12	69
9	42
9	40
12	82
10	43
11	53
4	29
3	13
8	37
3	21
5	53
7	57
2	7
4	19
12	34
5	35
3	20
9	56
9	34
12	42
8	21
7	49
8	51
5	24
7	41
10	60
12	48
3	23
8	49
7	39
9	45
7	19
16	69
7	36
11	34
5	41
7	33
6	16
9	48
6	31
8	48
5	34
10	82
6	40
11	44
10	57
7	29
12	61
7	46
6	23
5	41
8	41
4	46
6	35
5	26
2	21
5	33
7	17
8	49
6	33
3	15
13	71
5	29
10	73
1	8
7	29
9	39
2	9
8	46
6	31
8	43
4	21
9	71
7	20
9	47
8	37
7	32
9	50
5	43
8	39
1	3
7	27
10	47
11	96
6	35
11	52
13	67
4	14
3	25
11	38
7	27
13	39
3	23
9	58
9	56
12	78
19	66
3	17
6	45
7	56
9	56
5	16
8	30
2	21
12	58
9	42
16	40
6	37
5	28
5	17
3	12
5	23
7	17
8	50
13	64
8	44
8	51
9	42
9	44
8	49
7	49
7	29
12	42
11	53
10	65
5	22
8	42
2	20
9	26
4	20
11	53
5	21
4	29
8	29
10	47
6	17
4	27
5	44
9	36
8	56
15	64
7	60
13	49
4	22
4	27
7	49
6	42
9	59
5	36
5	32
2	19
4	32
3	10
8	53
9	45
7	39
11	34
1	10
12	45
1	5
5	28
3	40
12	63
3	13
9	53
12	59
12	44
3	13
8	71
7	56
14	47
8	46
9	43
8	38
6	41
6	19
15	76
6	31
10	42
1	27
8	38
5	19
8	64
4	11
11	69
5	27
4	16
11	43
8	60
9	40
3	24
5	36
4	30
7	56
5	29
9	29
3	19
4	16
8	52
8	54
6	39
4	33
12	76
3	16
5	34
9	43
3	19
8	37
5	34
5	16
10	45
6	33
7	30
6	25
13	94
9	50
3	22
9	51
13	48
8	39
8	64
12	72
5	24
2	13
10	61
12	50
11	85
9	46
5	16
7	21
13	59
11	38
3	14
7	51
8	37
12	37
4	23
9	51
6	46
8	77
8	86
1	7
8	44
8	52
9	49
10	62
9	41
9	55
5	16
8	53
9	44
3	24
5	20
7	38
14	64
11	56
10	61
10	50
13	72
6	35
9	38
9	56
14	70
1	10
4	22
7	55
9	53
10	27
6	18
7	52
6	69
8	33
2	12
7	26
3	24
6	61
6	29
18	87
2	35
5	31
7	42
6	25
6	28
11	84
11	90
4	16
12	63
11	65
6	27
4	21
8	47
7	27
10	51
3	13
7	33
10	39
8	62
9	30
9	46
4	30
1	11
8	40
6	22
2	11
9	57
10	42
4	24
9	60
5	30
9	47
9	62
9	80
4	38
17	86
5	31
7	33
7	41
7	33
7	18
8	50
3	18
18	55
6	29
11	62
15	60
1	10
6	52
12	41
8	21
13	35
3	21
6	41
9	41
4	27
5	30
12	60
4	16
9	34
6	36
4	17
3	48
4	41
9	43
7	37
6	33
5	26
7	35
5	25
9	45
7	41
4	17
4	33
8	39
6	31
13	87
9	22
4	26
14	84
1	15
3	14
4	17
9	63
9	68
7	33
9	61
6	39
14	76
10	44
4	26
12	71
1	5
12	50
4	19
10	65
10	45
7	30
3	17
7	50
17	51
12	66
13	56
11	51
12	60
6	34
10	35
8	55
10	45
13	56
10	49
4	23
10	65
4	19
7	30
6	33
5	21
7	36
3	26
9	39
6	58
2	23
6	27
8	54
10	64
8	23
7	40
7	34
7	30
11	54
5	23
6	49
5	21
6	33
8	39
8	29
7	33
4	23
11	36
11	59
11	45
13	95
11	50
8	33
9	47
4	27
4	14
6	44
5	18
7	44
1	6
9	69
6	32
7	50
7	41
6	46
9	67
4	17
16	54
7	35
16	67
12	60
2	17
8	27
6	31
6	56
9	32
4	29
6	42
6	26
4	36
1	9
9	41
6	32
9	36
11	56
9	63
2	21
4	25
3	10
8	36
8	33
10	63
14	74
11	60
9	57
8	43
4	16
13	54
10	41
9	73
4	19
6	37
11	47
6	39
10	42
8	34
2	16
14	61
9	36
5	31
3	10
11	55
8	30
7	61
2	15
13	79
7	27
10	47
10	35
5	20
3	10
7	20
6	43
11	51
9	62
7	36
8	50
8	75
13	55
7	44
7	42
5	20
11	45
5	35
15	59
8	31
5	26
6	33
8	39
8	38
10	45
3	20
10	52
19	82
7	24
8	45
10	63
4	21
8	47
7	39
15	55
1	5
6	31
11	45
10	51
9	35
7	40
12	45
17	81
8	53
5	26
11	71
10	52
6	30
6	30
11	52
1	4
6	53
6	45
9	28
13	48
1	10
5	19
4	24
15	75
14	71
15	72
8	33
4	33
7	30
7	62
10	47
7	61
12	75
5	21
6	30
9	41
3	13
4	28
10	39
7	43
6	34
5	34
7	29
6	45
8	36
5	25
2	12
11	64
1	29
10	64
8	41
13	48
3	23
3	17
5	40
5	18
2	22
1	13
6	65
6	50
4	22
5	33
6	22
10	35
9	33
8	65
1	15
13	70
14	77
6	46
17	55
6	33
1	21
9	44
9	46
14	102
9	44
1	52
7	42
5	30
9	44
6	39
9	81
4	34
7	51
1	63
4	24
2	19
4	53
4	23
8	64
6	46
4	20
4	23
6	43
6	17
6	19
3	17
4	19
9	47
2	15
5	33
12	80
12	70
7	37
7	40
11	60
10	50
6	38
8	29
7	36
8	38
13	42
16	48
14	75
5	18
7	39
3	35
5	36
9	31
7	48
5	40
7	32
3	20
5	31
14	46
8	58
8	50
7	18
5	31
5	24
10	75
10	60
4	34
5	17
5	22
4	17
7	26
6	60
7	36
8	52
8	39
5	30
12	52
8	49
6	25
4	16
6	33
6	36
6	49
6	33
5	45
3	32
7	30
8	33
2	31
8	25
3	12
4	11
9	45
7	28
5	39
3	21
6	62
7	30
15	71
8	59
9	51
11	75
11	36
3	23
1	13
5	25
4	46
9	50
3	14
4	19
10	63
6	28
6	40
11	52
4	18
4	19
7	31
6	55
6	27
12	70
14	80
11	73
7	36
14	73
9	44
5	62
12	78
15	68
4	28
7	30
6	47
9	44
7	32
10	93
5	25
13	29
11	52
12	44
2	14
7	29
13	39
2	13
13	43
5	29
7	18
2	14
5	27
6	26
6	22
9	48
7	28
7	45
10	62
1	9
6	63
8	37
15	75
7	35
3	12
6	26
5	27
2	24
9	43
16	74
6	18
8	55
7	32
6	42
7	67
5	38
8	46
3	51
9	48
10	46
7	49
7	29
10	52
6	32
9	41
7	28
12	56
3	12
6	35
7	24
7	17
2	7
7	44
11	44
7	47
6	32
4	30
8	64
8	32
10	54
3	21
7	24
7	33
8	52
4	25
4	18
7	37
3	20
8	40
4	26
8	47
11	58
11	65
7	43
7	46
7	39
5	24
11	66
9	54
6	32
13	54
1	8
10	45
7	20
6	36
1	15
9	47
8	27
5	21
8	34
9	41
8	43
5	22
12	72
7	28
7	40
8	53
3	33
10	44
13	65
9	69
1	10
4	21
13	104
5	30
6	47
11	49
9	71
5	38
5	41
11	65
7	60
9	49
4	12
4	32
7	57
7	28
9	52
9	40
7	23
8	28
6	17
5	20
9	46
12	83
11	48
6	41
11	68
8	33
3	13
8	37
8	44
11	44
12	80
16	62
4	21
9	42
10	58
4	23
10	56
6	40
9	54
6	17
4	17
5	32
6	44
5	27
7	43
7	28
6	67
10	55
5	25
5	33
6	35
7	34
3	29
10	55
10	43
8	40
8	51
8	37
5	13
13	60
3	20
6	22
12	76
4	24
9	51
8	43
6	22
6	37
7	37
10	53
1	15
7	51
14	52
6	29
6	31
3	30
10	49
6	31
5	23
7	36
8	27
15	98
7	35
11	67
10	38
6	41
10	32
5	21
6	29
8	32
6	18
3	10
2	17
6	29
7	36
12	42
1	6
10	50
13	61
18	89
9	51
12	54
4	20
4	23
5	19
8	45
7	39
16	84
6	47
14	80
13	60
6	67
3	21
6	22
13	55
3	33
6	22
3	20
4	36
6	39
5	40
10	43
5	23
2	9
8	22
9	37
7	27
11	75
10	64
2	8
2	13
11	54
1	4
8	48
2	10
10	38
11	45
5	30
10	34
6	34
2	27
8	61
5	20
3	12
7	49
7	44
6	23
13	71
9	71
9	60
6	26
6	36
3	24
9	50
7	58
14	51
4	59
7	24
11	78
5	31
12	53
6	44
16	72
9	37
4	24
10	48
2	9
7	33
10	49
5	32
17	65
14	90
8	41
6	38
12	42
13	81
11	44
13	65
10	35
13	93
12	50
10	81
12	60
12	44
8	38
6	22
6	33
10	41
10	44
6	37
11	53
3	11
6	20
5	26
11	49
1	12
3	15
12	49
9	38
11	42
4	16
4	16
9	53
9	56
4	38
6	31
13	73
4	13
11	73
11	73
8	48
8	63
11	62
10	31
6	49
5	19
2	27
8	43
8	47
4	23
9	43
2	16
5	31
6	19
6	29
14	77
6	54
6	43
12	49
6	32
5	24
9	70
2	19
8	47
3	29
8	42
8	60
14	68
6	52
7	20
13	56
11	74
10	72
10	41
9	49
7	38
12	49
17	57
8	37
6	27
4	22
8	15
7	23
4	22
4	40
6	18
2	7
4	21
8	42
8	28
7	39
9	44
4	30
8	28
11	60
8	38
10	67
2	6
10	83
16	124
13	69
12	57
3	8
11	65
5	48
7	40
11	47
7	39
4	28
9	36
10	69
10	34
3	10
18	132
6	21
7	33
3	23
3	23
3	10
8	67
5	38
10	24
4	35
6	41
10	34
7	38
6	49
6	28
7	42
3	21
9	63
10	40
7	42
8	39
5	27
10	58
5	17
2	17
7	39
5	28
1	6
9	41
5	27
8	57
8	49
8	26
7	31
2	22
6	43
9	54
3	22
6	25
9	42
8	40
5	29
1	15
6	36
7	40
12	50
9	65
7	16
11	62
2	14
7	43
12	61
12	49
9	57
19	74
7	34
13	65
7	40
9	43
4	23
12	69
2	15
8	69
8	49
1	5
11	51
3	14
8	90
7	37
1	3
11	43
4	20
5	12
10	44
3	28
4	25
11	79
10	50
7	27
12	74
4	14
3	12
9	59
7	36
10	45
10	63
9	57
7	35
4	31
6	30
9	42
8	44
4	10
7	46
11	49
3	22
7	43
9	34
11	63
6	23
6	29
9	55
6	38
11	69
7	45
8	34
9	60
8	50
3	10
4	15
10	73
7	31
5	24
13	58
8	35
8	52
4	22
8	45
12	62
7	50
12	78
7	23
9	59
4	25
8	55
11	42
6	40
7	12
10	52
4	32
5	25
5	21
6	23
10	48
8	56
3	25
6	36
5	34
6	37
6	68
3	28
10	39
4	22
9	46
8	59
2	16
3	20
7	50
6	43
10	56
12	45
17	40
2	9
9	56
5	19
12	51
1	29
10	62
8	39
5	28
7	39
5	33
12	67
4	33
5	24
4	19
6	36
13	48
4	13
3	24
8	63
12	48
6	22
6	45
8	33
12	96
10	39
5	31
10	48
11	37
7	26
5	28
8	49
9	54
5	19
5	24
9	55
13	59
9	37
8	41
7	35
8	32
12	64
9	41
3	10
7	37
6	21
8	33
6	34
10	40
4	13
9	42
10	52
4	11
8	39
5	24
6	31
6	48
7	32
8	42
1	24
9	53
6	35
7	58
12	51
4	23
8	25
3	18
9	32
9	33
13	86
8	51
4	35
9	34
1	37
7	47
12	47
1	12
7	20
7	35
10	43
7	25
10	55
1	12
15	89
7	24
7	46
13	89
9	36
2	20
10	30
16	90
6	21
4	30
3	36
3	28
9	59
6	19
7	45
12	54
8	32
10	55
12	55
6	52
13	56
8	32
4	44
11	61
7	29
6	25
4	19
11	28
15	76
9	38
9	71
2	21
5	32
5	37
10	53
6	37
5	41
8	48
5	19
1	18
1	14
7	23
6	24
3	19
12	56
8	40
8	46
10	79
5	17
10	82
6	34
10	69
3	18
3	12
4	20
6	26
2	24
2	14
7	47
17	70
4	57
11	33
12	63
8	57
8	35
2	16
8	29
13	58
6	26
9	27
13	67
7	53
11	65
8	35
8	80
9	35
11	36
5	43
9	57
3	18
9	35
8	39
10	85
12	40
9	29
6	22
1	10
3	7
7	49
8	82
6	35
12	53
10	53
6	16
10	70
8	64
8	30
8	21
8	39
6	28
7	31
12	43
8	35
15	57
5	40
7	35
5	32
10	49
6	38
4	13
10	53
6	44
5	25
6	39
2	28
11	39
2	32
8	37
7	52
1	10
12	58
2	8
9	45
8	35
5	31
1	6
9	64
11	69
8	62
13	62
9	50
12	82
8	48
1	2
8	47
11	70
15	70
13	60
11	75
6	41
10	57
2	19
5	22
17	91
14	57
6	56
1	7
3	17
6	25
7	29
5	24
1	11
7	72
14	50
13	43
7	36
3	18
12	50
15	57
4	19
9	38
7	29
8	52
9	67
1	22
3	36
10	52
5	24
10	24
1	20
7	32
10	32
8	23
6	23
5	16
11	55
9	41
9	47
7	33
1	7
3	17
11	48
4	14
3	9
12	60
4	43
1	6
11	43
9	71
9	49
3	36
9	37
7	39
9	36
9	62
10	41
5	42
8	58
11	49
3	17
1	28
10	59
11	57
8	104
18	64
9	64
10	65
6	20
5	29
7	23
7	27
9	50
9	57
10	62
11	43
7	40
10	40
6	41
6	0
10	40
10	92
6	27
11	50
5	25
4	21
10	52
11	76
6	20
8	53
4	32
10	83
9	48
6	46
8	31
5	27
7	27
7	57
5	10
14	45
10	61
5	14
5	16
9	55
7	52
7	46
7	33
7	31
6	35
3	14
6	15
4	17
10	38
5	40
10	57
10	36
7	43
9	60
9	57
11	80
11	63
6	71
8	33
5	33
6	39
7	35
9	41
5	17
8	55
4	37
4	26
8	57
11	66
8	30
7	32
8	38
10	34
2	12
5	32
9	35
5	51
9	58
7	21
9	38
6	23
9	45
6	29
5	33
11	37
5	29
8	30
8	47
5	43
8	44
11	64
6	33
6	36
3	12
9	39
8	51
10	41
8	37
1	9
10	57
7	39
7	34
